counts, pvalue
50, 0.487807
100, 0.438734
150, 0.374051
170, 0.338332
200, 0.272007
220, 0.229871
250, 0.18262
300, 0.10425
350, 0.0457757
400, 0.0176585
450, 0.00519825
