counts, pvalue
100, 0.483264
200, 0.378205
250, 0.296266
300, 0.212852
350, 0.13886
400, 0.0907411
450, 0.0512266
500, 0.029515
550, 0.0169457
