counts, pvalue
50,  0.508346
100, 0.403344
150, 0.164659
170, 0.0901193
200, 0.0263186
220, 0.00951286
250, 0.00146612
