counts, pvalue
500,  0.316266
600,  0.296886
800,  0.168018
900,  0.120895
1000, 0.0994657
1100, 0.0608731
1200, 0.0460594
1500, 0.0169579
