counts, pvalue
400, 0.356908
450, 0.322677
500, 0.288203
550, 0.243246
600, 0.219332
650, 0.175587
700, 0.141411
750, 0.122839
800, 0.0956139
850, 0.0757111
900, 0.0661403
950, 0.0439245
