counts, pvalue
50,  0.485149
100, 0.433305
150, 0.329381
170, 0.259546
200, 0.193127
220, 0.132265
250, 0.08499
300, 0.0233851
350, 0.0053247
