counts, pvalue
500,  0.434809
600,  0.406106
800,  0.291581
900,  0.260384
1000, 0.198459
1100, 0.151354
1200, 0.104614
1500, 0.0506861
