counts, pvalue
250,  0.440699
300,  0.383971
350,  0.332609
400,  0.28474
450,  0.240317
500,  0.204
600,  0.116047
700,  0.0620363
800,  0.0311244
900,  0.0160312
1000, 0.00982928
