counts, pvalue
100, 0.487471
200, 0.413567
250, 0.360119
300, 0.282125
350, 0.216053
400, 0.152758
450, 0.107154
500, 0.0681609
550, 0.0447333
600, 0.0285978
