counts, pvalue
50,  0.507903
100, 0.469957
150, 0.42331
200, 0.327381
250, 0.229184
300, 0.14664
350, 0.080784
400, 0.0358777
450, 0.0165597
500, 0.00611652
