counts, pvalue
50,  0.504096
100, 0.478657
150, 0.428305
200, 0.349356
250, 0.258965
300, 0.186613
350, 0.129785
400, 0.0769151
450, 0.0441863
500, 0.0209283
