bin_low_edge, bin_center, TS_0nbbM7_noSys
0.005, 0.0075, 615600
0.01, 0.02, 21300
0.03, 0.07, 12637.5
0.11, 0.19, 7087.5
0.27, 0.355, 4735.29
0.44, 0.595, 3529.03
0.75, 0.85, 2550
0.95, 1.19, 1800
1.43, 1.655, 1102.22
1.88, 2.085, 639.024
2.29, 2.455, 418.182
2.62, 2.83, 226.19
3.04, 3.3625, 96.124
3.685, 4.675, 0
5.665, 5.86714, 0.505051
