bin_low_edge, bin_center, TS_0nbbM3_noSys
0.005, 0.0075, 585400
0.01, 0.015, 25300
0.02, 0.035, 16966.7
0.05, 0.065, 12566.7
0.08, 0.11, 9266.67
0.14, 0.2, 6958.33
0.26, 0.37, 4790.91
0.48, 0.695, 3202.33
0.91, 1.09, 2022.22
1.27, 1.5, 1286.96
1.73, 1.965, 717.021
2.2, 2.44, 491.667
2.68, 3.0375, 194.406
3.395, 3.6275, 77.4194
3.86, 5.1475, 0
6.435, 6.64933, 0.38835
