bin_low_edge, bin_center, TS_0nbbM2_allSys
0.005, 0.0075, 650200
0.01, 0.02, 24600
0.03, 0.06, 15666.7
0.09, 0.14, 8850
0.19, 0.24, 6530
0.29, 0.39, 4565
0.49, 0.57, 3193.75
0.65, 0.8, 2130
0.95, 1.195, 1342.86
1.44, 1.765, 733.846
2.09, 2.51, 377.381
2.93, 3.23, 171.667
3.53, 4.1975, 65.1685
4.865, 5.5175, 22.2222
6.17, 7.6425, 0
9.115, 9.41867, 0.339559
